,Accuracy,Precision,Recall,F1-Score,ROC AUC
Logistic Regression,0.8100558659217877,0.7868852459016393,0.6956521739130435,0.7384615384615385,0.8378129117259552
Random Forest,0.8156424581005587,0.7903225806451613,0.7101449275362319,0.7480916030534351,0.8341238471673255
Gradient Boosting,0.8100558659217877,0.8181818181818182,0.6521739130434783,0.7258064516129032,0.8201581027667983
